image,title,description,occasion,recipient,category,tag,royalty,gender,color
Retro Hiker Adventure Lover Outdoor Camping Mountain Hiking Great.png,Retro Hiker Adventure Lover Outdoor Camping Mountain Hiking Great,Retro Hiker Adventure Lover Outdoor Camping Mountain Hiking Great,Expressions>Fun & Laughs,For Anyone>Any Person,My Design,"Hike,Worry,Hiking,Mountain,Hiker,Discovery,Camping Hike,Camping Worry,Camping Hiking,Camping Mountain",16,women,black
Retro Hiker Adventure Lover Outdoor Camping Mountain Hiking Significance.png,Retro Hiker Adventure Lover Outdoor Camping Mountain Hiking Significance,Retro Hiker Adventure Lover Outdoor Camping Mountain Hiking Significance,Expressions>Fun & Laughs,For Anyone>Any Person,My Design,"Hiker,Adventure,Lover,Outdoor,Mountain,Hiking,Great,Camping Hiker,Camping Adventure,Camping Lover",16,women,black
Retro Hiker Adventures Lover Outdoor Camping Mountain Hiking.png,Retro Hiker Adventures Lover Outdoor Camping Mountain Hiking,Retro Hiker Adventures Lover Outdoor Camping Mountain Hiking,Expressions>Fun & Laughs,For Anyone>Any Person,My Design,"Hiker,Adventure,Lover,Outdoor,Mountain,Hiking,Significance,Camping Hiker,Camping Adventure,Camping Lover",16,women,black
Retro Hiking Adventure Lover Outdoor Camping Mountain Hiker Lover.png,Retro Hiking Adventure Lover Outdoor Camping Mountain Hiker Lover,Retro Hiking Adventure Lover Outdoor Camping Mountain Hiker Lover,Expressions>Fun & Laughs,For Anyone>Any Person,My Design,"Hiker,Adventures,Lover,Outdoor,Mountain,Hiking,Camping Hiker,Camping Adventures,Camping Lover,Camping Outdoor",16,women,black
Retro Hiking Adventure Lover Outdoor Camping Mountain Hiker Significance.png,Retro Hiking Adventure Lover Outdoor Camping Mountain Hiker Significance,Retro Hiking Adventure Lover Outdoor Camping Mountain Hiker Significance,Expressions>Fun & Laughs,For Anyone>Any Person,My Design,"Hiking,Adventure,Lover,Outdoor,Mountain,Hiker,Camping Hiking,Camping Adventure,Camping Lover,Camping Outdoor",16,women,black
Retro Hiking Adventures Lover Outdoor Camping Mountain Hiker Explorer.png,Retro Hiking Adventures Lover Outdoor Camping Mountain Hiker Explorer,Retro Hiking Adventures Lover Outdoor Camping Mountain Hiker Explorer,Expressions>Fun & Laughs,For Anyone>Any Person,My Design,"Hiking,Adventure,Lover,Outdoor,Mountain,Hiker,Significance,Camping Hiking,Camping Adventure,Camping Lover",16,women,black
Retro Hiking Adventures Lover Outdoor Camping Mountain Hiker Terrific.png,Retro Hiking Adventures Lover Outdoor Camping Mountain Hiker Terrific,Retro Hiking Adventures Lover Outdoor Camping Mountain Hiker Terrific,Expressions>Fun & Laughs,For Anyone>Any Person,My Design,"Hiking,Adventures,Lover,Outdoor,Mountain,Hiker,Explorer,Camping Hiking,Camping Adventures,Camping Lover",16,women,black
Retro Hiking Camping Outdoors Mountain Camp Friends Camper.png,Retro Hiking Camping Outdoors Mountain Camp Friends Camper,Retro Hiking Camping Outdoors Mountain Camp Friends Camper,Expressions>Fun & Laughs,For Anyone>Any Person,My Design,"Hiking,Adventures,Lover,Outdoor,Mountain,Hiker,Camping Hiking,Camping Adventures,Camping Lover,Camping Outdoor",16,women,black
Retro Hiking Lover Outdoors Hike Camp Mountain Camping Hiker.png,Retro Hiking Lover Outdoors Hike Camp Mountain Camping Hiker,Retro Hiking Lover Outdoors Hike Camp Mountain Camping Hiker,Expressions>Fun & Laughs,For Anyone>Any Person,My Design,"Hiking,Mountain,Camp,Friends,Camper,Camping Hiking,Camping Mountain,Camping Camp,Camping Friends,Mountain Camp",16,women,black
Retro I Love My Papa Camping Dad Father's Day.png,Retro I Love My Papa Camping Dad Father's Day,Retro I Love My Papa Camping Dad Father's Day,Expressions>Fun & Laughs,For Anyone>Any Person,My Design,"Hiking,Lover,Hike,Camp,Mountain,Hiker,Camping Hiking,Camping Lover,Camping Hike,Camping Camp",16,women,black
Retro Mountain Are Calling Hiking Camping Outdoor Camp Hiker.png,Retro Mountain Are Calling Hiking Camping Outdoor Camp Hiker,Retro Mountain Are Calling Hiking Camping Outdoor Camp Hiker,Expressions>Fun & Laughs,For Anyone>Any Person,My Design,"Love,Papa,Dad,Father's,Day,Camping Love,Camping Papa,Camping Dad,Camping Father's,Camping Day",16,women,black
Retro Mountains Rv Camping I Hate Pulling Out Vintage Camper.png,Retro Mountains Rv Camping I Hate Pulling Out Vintage Camper,Retro Mountains Rv Camping I Hate Pulling Out Vintage Camper,Expressions>Fun & Laughs,For Anyone>Any Person,My Design,"Mountain,Calling,Hiking,Outdoor,Camp,Hiker,Camping Mountain,Camping Calling,Camping Hiking,Camping Outdoor",16,women,black
Retro New Camper First Time Camping Apparently I Camp Now.png,Retro New Camper First Time Camping Apparently I Camp Now,Retro New Camper First Time Camping Apparently I Camp Now,Expressions>Fun & Laughs,For Anyone>Any Person,My Design,"Mountains,Rv,Hate,Pulling,Vintage,Camper,Camping Mountains,Camping Rv,Camping Hate,Camping Pulling",16,women,black
Retro Hike More Worry Less Hiking Camping Mountain Hiker Discovery.png,Retro Hike More Worry Less Hiking Camping Mountain Hiker Discovery,Retro Hike More Worry Less Hiking Camping Mountain Hiker Discovery,Expressions>Fun & Laughs,For Anyone>Any Person,My Design,"New,Camper,Time,Apparently,Camp,Camping New,Camping Time,Camping Apparently,Camping Camp,Camper  Camping",16,women,black
